{"cameraMode":{"drawMode":0,"name":"Shaded","section":"Shading Mode"},"sceneLighting":false,"audioPlay":false,"sceneViewState":{"showFog":true,"showMaterialUpdate":false,"showSkybox":true,"showFlares":true,"showImageEffects":true,"showParticleSystems":true},"in2DMode":false,"pivot":{"x":-79.55494689941406,"y":11.292396545410157,"z":-23.654369354248048},"rotation":{"x":0.08086097240447998,"y":0.6134036779403687,"z":-0.06334178894758225,"w":0.7830615043640137},"size":72.24349975585938,"orthographic":true}